Time (s),ESC (µs),Servo (µs),Torque (lbf·ft),Thrust (lbf),Voltage (V),Current (A),Motor Optical Speed (RPM),Electrical Power (W),Mechanical Power (W),Motor Efficiency (%),Propeller Mech. Efficiency (lbf/W),Overall Efficiency (lbf/W),4LHE Temp (ºF),App message,90% settling time (s),Max acceleration (RPM/s),
0,1000,,-0.00040578062964121363,0.0028890178870753184,22.2616465135498,-0.00697432999630937,0,0.15526006904668627,0,0,0,0,73.2875,,undefined,0,
5.260628110449296,1150,,0.036336857986247854,0.4997805571114562,22.109470031009103,1.0647458028116452,2356,23.540965417906797,12.153696493922212,51.627859257961084,0.04112169144271334,0.021230248982537073,73.175,,0.580910000000149,11225,
8.101918110449333,1300,,0.0865798934545838,1.2238893020849195,21.824224167950184,3.075847780682643,3570,67.12799147211008,43.890544755880775,65.38337255944288,0.027885033300274406,0.018232175211043124,72.95,,0.717929999999702,2126,
13.841323110449594,1600,,0.056778006723116996,0.7296649608918667,10.75518004248896,3.148647438689648,2834,33.864270093428885,22.842293649306878,67.45249074108719,0.031943594285857,0.021546749978038147,72.725,,0.7202399999997579,-918,
