Time (s),ESC (µs),Servo (µs),Torque (lbf·ft),Thrust (lbf),Voltage (V),Current (A),Motor Optical Speed (RPM),Electrical Power (W),Mechanical Power (W),Motor Efficiency (%),Propeller Mech. Efficiency (lbf/W),Overall Efficiency (lbf/W),ESC Temp (ºF),Motor Temp (ºF),App message,90% settling time (s),Max acceleration (RPM/s),
1.6928549999995157,1145,,-0.0001283243769691304,0.00022542876147155677,23.994403613400987,-0.003391139663177334,0,0.08136837378768963,0,0,0,0,75.875,75.65,,undefined,0,
3.0490750000001863,1905,,-0.6528456167135316,6.304740868308782,22.482749731267294,12.09784666911297,2340,271.99285894891256,216.91516052072407,79.750314533613,0.029065468974937912,0.02317980292818268,75.875,75.65,,0.445070000000298,5212,
