Time (s),ESC (µs),Servo (µs),Torque (lbf·ft),Thrust (lbf),Voltage (V),Current (A),Motor Optical Speed (RPM),Electrical Power (W),Mechanical Power (W),Motor Efficiency (%),Propeller Mech. Efficiency (lbf/W),Overall Efficiency (lbf/W),ESC Temp (ºF),Motor Temp (ºF),App message,90% settling time (s),Max acceleration (RPM/s),
0,1525,,0.2235686953781853,1.2645465752515237,12.566619526045962,2.810023717221152,750,35.31249891348359,23.791799444726735,67.3750093501374,0.053150522649172735,0.03581016960452703,74.975,73.7375,,0.290125,905,
3.9702342085293494,1905,,0.5356532372913521,3.934526540058862,12.16352879226107,9.9764057501961,1319,121.34829858578917,100.29488656053417,82.650426688619,0.03922958263364835,0.032423417434874736,74.975,73.7375,,0.3164850000003353,1168,
