Time (s),ESC (µs),Servo (µs),Torque (lbf·ft),Thrust (lbf),Voltage (V),Current (A),Motor Optical Speed (RPM),Electrical Power (W),Mechanical Power (W),Motor Efficiency (%),Propeller Mech. Efficiency (lbf/W),Overall Efficiency (lbf/W),ESC Temp (ºF),Motor Temp (ºF),App message,90% settling time (s),Max acceleration (RPM/s),
0,1525,,0.18896391779595156,1.3110813580907892,12.562801433124895,2.6055629624094823,751,32.73317011825499,20.160390198342267,61.59009385742019,0.06503253881458088,0.040053601693763576,75.0875,73.7375,,0.31654999999981376,681,
5.238648484228644,2000,,0.5963715132940548,4.333605079742165,12.072147065516402,11.756861418965656,1393,141.93056007864925,117.9443346132249,83.10002761059165,0.036742799846668055,0.03053327681748558,74.975,73.7375,,0.45243499999959025,1589,
