Time (s),ESC (µs),Servo (µs),Torque (lbf·ft),Thrust (lbf),Voltage (V),Current (A),Motor Optical Speed (RPM),Electrical Power (W),Mechanical Power (W),Motor Efficiency (%),Propeller Mech. Efficiency (lbf/W),Overall Efficiency (lbf/W),ESC Temp (ºF),Motor Temp (ºF),App message,90% settling time (s),Max acceleration (RPM/s),
0,1525,,0.19336978556440523,1.2686505500215035,12.526590877086317,2.6356987551487756,749,33.01631998099442,20.566823074045075,62.29289965048862,0.06168432263233282,0.03842495319744273,74.075,73.4,,0.3501200000001118,567,
5.322447114180774,2000,,0.5993434950840791,4.4050425356165555,12.082318010630217,11.775786653818587,1395,142.27879917677126,118.6900585236121,83.42076206037426,0.03711382899638743,0.03096063897857055,74.075,73.4,,0.4154000000003725,1279,
