Time (s),ESC (µs),Servo (µs),Torque (lbf·ft),Thrust (lbf),Voltage (V),Current (A),Motor Optical Speed (rad/s),Electrical Power (W),Mechanical Power (W),Motor Efficiency (%),Propeller Mech. Efficiency (lbf/W),Overall Efficiency (lbf/W),4LHE Temp (ºF),App message,
2,1200,,0.053374182988240475,0.8028301788974262,22.021698324560067,1.7718329180830958,291.43507849895997,39.018770003550884,21.08938512649401,54.04933349917176,0.03806797467456047,0.020575486588233435,73.5125,,
6,1250,,0.06810918516564625,1.036163712588332,21.926915705783333,2.4317922736841546,335.41737564936,53.32170419904765,30.972237809031864,58.085611242682376,0.03345459630579792,0.01943230675299456,73.2875,,
10,1300,,0.08621731796201619,1.2707173625317894,21.822524393111493,3.169389619764854,371.65041092088,69.16408228859288,43.444552563252884,62.8137483007103,0.029249175962433833,0.018372503769075045,72.95,,
14,1350,,0.07705729956106616,1.1351354972183392,17.9025300055823,3.2263056921669646,351.02061916224,57.75903446120005,36.67093592276661,63.48952378592912,0.03095463665309963,0.019652951400717624,72.725,,
18,1400,,0.06933320718417463,1.0194784413247768,15.0085775980398,3.229530106903324,331.64746446504,48.47065321466431,31.17886627659666,64.32524467642992,0.03269773930458828,0.02103290081133761,72.6125,,
30,1600,,0.08088592988155391,1.1946170174093613,18.96441646983245,3.229657595435131,356.98964520408,61.24857169478947,39.14594405721002,63.913235809448665,0.030517006197717005,0.019504406133130935,72.3875,,
