Time (s),ESC (µs),Servo (µs),Torque (lbf·ft),Thrust (lbf),Voltage (V),Current (A),Motor Optical Speed (rad/s),Electrical Power (W),Mechanical Power (W),Motor Efficiency (%),Propeller Mech. Efficiency (lbf/W),Overall Efficiency (lbf/W),4LHE Temp (ºF),App message,
2,1200,,0.052907025346526054,0.8006032374982959,22.022151405565975,1.763544284079748,291.43507849895997,38.83703923442466,20.907374330143526,53.833594790643815,0.03829286379323175,0.020614425128181537,73.5125,,
5,1400,,0.06862810361476478,0.9886551421544041,14.875905550254888,3.235954727123578,328.19171254608,48.13775688559117,30.539978253627588,63.44287775230541,0.032372490050380766,0.020538039288040304,73.5125,,
8,1200,,0.05209739525471853,0.7946677081920457,22.021949150596196,1.7691394349689487,293.52947360136,38.95989867720068,20.729915268461745,53.20833978603976,0.03833434425084428,0.020397068143739424,73.5125,,
10.5,1600,,0.048420001366949315,0.7725251045105885,10.04357830512463,3.158873834004192,289.55012290679997,31.726396707830364,19.008046240258235,59.91240169914056,0.04064200469348676,0.02434960111054535,73.4,,
