Time (s),ESC (µs),Servo (µs),Torque (lbf·ft),Thrust (lbf),Voltage (V),Current (A),Motor Optical Speed (rad/s),Electrical Power (W),Mechanical Power (W),Motor Efficiency (%),Propeller Mech. Efficiency (lbf/W),Overall Efficiency (lbf/W),4LHE Temp (ºF),App message,
2,1200,,0.053832052769272054,0.803414704785945,22.02213682626285,1.768272548671263,291.6445180092,38.94114001296309,21.2881737237978,54.667566785952324,0.03773995436197597,0.020631514755821142,72.8375,,
4.5,1300,,0.09007366753107272,1.0331240646358228,21.256965203139693,3.147818185433548,350.49702038664,66.91306163357126,42.79892500742632,63.96198882932816,0.0241390190164019,0.015439796646780387,72.725,,
7,1200,,0.0530917298060426,0.7977317999897681,22.022501940357856,1.7679342092273622,293.63419335647995,38.93433455313462,21.13792900176559,54.29122969321114,0.037739354689058514,0.020489159738972407,72.6125,,
9.5,1400,,0.06975466648345913,0.8854519988201731,14.995460467975764,3.163133730169569,318.87165434039997,47.43264680567849,30.15981787620686,63.58451384710882,0.029358665309405202,0.018667564608985082,72.5,,
12,1200,,0.05355194598815542,0.7919492368722839,22.02195527136419,1.7729232872846379,293.215314336,39.04323733214226,21.286777373208896,54.52103572283593,0.03720381075009574,0.020283902949315973,72.3875,,
14.5,1500,,0.058061871336768676,0.8141876463878331,11.885866177198533,3.1656541156471594,301.27873548023996,37.62654118187991,23.718623410473914,63.03694856198015,0.03432693509642283,0.02163865241963637,72.3875,,
17,1200,,0.0528580755562143,0.7964287226042176,22.02257151007123,1.771522826380716,293.63419335647995,39.01348812569282,21.043718496397855,53.939597578662166,0.037846387402518514,0.02041418906297998,72.275,,
29,1600,,0.07958098068036522,1.194979060360997,19.002462506451806,3.2488181095322157,358.76988104111996,61.735544316667564,38.71019298847165,62.70325048064822,0.030869881240759407,0.019356418957472008,72.275,,
