Time (s),ESC (µs),Torque (lbf·ft),Thrust (lbf),Voltage (V),Current (A),Motor Optical Speed (rad/s),Electrical Power (W),Mechanical Power (W),Motor Efficiency (%),Propeller Mech. Efficiency (lbf/W),Overall Efficiency (lbf/W),4LHE Temp (ºF)
2,1200,0.053374183,0.802830179,22.02169832,1.771832918,291.4350785,39.01877,21.08938513,54.0493335,0.038067975,0.020575487,73.5125
6,1250,0.068109185,1.036163713,21.92691571,2.431792274,335.4173756,53.3217042,30.97223781,58.08561124,0.033454596,0.019432307,73.2875
10,1300,0.086217318,1.270717363,21.82252439,3.16938962,371.6504109,69.16408229,43.44455256,62.8137483,0.029249176,0.018372504,72.95
14,1350,0.0770573,1.135135497,17.90253001,3.226305692,351.0206192,57.75903446,36.67093592,63.48952379,0.030954637,0.019652951,72.725
18,1400,0.069333207,1.019478441,15.0085776,3.229530107,331.6474645,48.47065321,31.17886628,64.32524468,0.032697739,0.021032901,72.6125
30,1600,0.08088593,1.194617017,18.96441647,3.229657595,356.9896452,61.24857169,39.14594406,63.91323581,0.030517006,0.019504406,72.3875
