Time (s),ESC (µs),Torque (lbf·ft),Thrust (lbf),Voltage (V),Current (A),Motor Optical Speed (rad/s),Electrical Power (W),Mechanical Power (W),Motor Efficiency (%),Propeller Mech. Efficiency (lbf/W),Overall Efficiency (lbf/W),4LHE Temp (ºF)
2,1200,0.053832053,0.803414705,22.02213683,1.768272549,291.644518,38.94114001,21.28817372,54.66756679,0.037739954,0.020631515,72.8375
4.5,1300,0.090073668,1.033124065,21.2569652,3.147818185,350.4970204,66.91306163,42.79892501,63.96198883,0.024139019,0.015439797,72.725
7,1200,0.05309173,0.7977318,22.02250194,1.767934209,293.6341934,38.93433455,21.137929,54.29122969,0.037739355,0.02048916,72.6125
9.5,1400,0.069754666,0.885451999,14.99546047,3.16313373,318.8716543,47.43264681,30.15981788,63.58451385,0.029358665,0.018667565,72.5
12,1200,0.053551946,0.791949237,22.02195527,1.772923287,293.2153143,39.04323733,21.28677737,54.52103572,0.037203811,0.020283903,72.3875
14.5,1500,0.058061871,0.814187646,11.88586618,3.165654116,301.2787355,37.62654118,23.71862341,63.03694856,0.034326935,0.021638652,72.3875
17,1200,0.052858076,0.796428723,22.02257151,1.771522826,293.6341934,39.01348813,21.0437185,53.93959758,0.037846387,0.020414189,72.275
29,1600,0.079580981,1.19497906,19.00246251,3.24881811,358.769881,61.73554432,38.71019299,62.70325048,0.030869881,0.019356419,72.275
