Time (s),ESC (µs),Torque (lbf·ft),Thrust (lbf),Voltage (V),Current (A),Motor Optical Speed (rad/s),Electrical Power (W),Mechanical Power (W),Motor Efficiency (%),Propeller Mech. Efficiency (lbf/W),Overall Efficiency (lbf/W),4LHE Temp (ºF)
2,1200,0.052907025,0.800603237,22.02215141,1.763544284,291.4350785,38.83703923,20.90737433,53.83359479,0.038292864,0.020614425,73.5125
5,1400,0.068628104,0.988655142,14.87590555,3.235954727,328.1917125,48.13775689,30.53997825,63.44287775,0.03237249,0.020538039,73.5125
8,1200,0.052097395,0.794667708,22.02194915,1.769139435,293.5294736,38.95989868,20.72991527,53.20833979,0.038334344,0.020397068,73.5125
10.5,1600,0.048420001,0.772525105,10.04357831,3.158873834,289.5501229,31.72639671,19.00804624,59.9124017,0.040642005,0.024349601,73.4
